{"carsWaitTime": {"car189": 1.6239599599999996, "car9": 0, "car129": 5.219165944999999, "car181": 2.0729281450000006, "car1": 0, "car185": 0, "car5": 0, "car21": 0, "car25": 13.029734974999998, "car45": 0, "car29": 12.778472544999998, "car113": 0, "car85": 8.582804249999999, "car13": 13.682543649999998, "car69": 9.832187754999998, "car117": 6.083858345000001, "car81": 8.915425449999999, "car65": 10.080834319999997, "car41": 12.045122854999997, "car137": 4.834140914999998, "car61": 0, "car89": 8.25027684, "car133": 4.991069634999999, "car157": 3.5841762750000004, "car173": 0, "car153": 0, "car177": 2.398736760000002, "car201": 0.8315807900000004, "car193": 1.3946594299999993, "car49": 0, "car197": 0.9906551850000005, "car33": 12.521045719999996, "car57": 0, "car37": 12.317402529999997, "car53": 0, "car205": 0.5199374549999993, "car17": 13.516387939999998, "car101": 7.166945024999999, "car165": 3.084547050000001, "car93": 0, "car105": 6.914771849999999, "car161": 3.3318904750000002, "car97": 7.523840779999999, "car109": 6.667979759999998, "car77": 0, "car121": 5.8317536049999985, "car73": 9.665969824999998, "car125": 5.508793175, "car169": 0, "car149": 4.05223303, "car145": 4.366439135, "car141": 4.59168909}, "intersectionTotalNumberOfCars": {"intersection154": 1, "intersection155": 0, "intersection156": 0, "intersection157": 0, "intersection160": 0, "intersection153": 0, "intersection158": 0, "intersection159": 0}, "F": [2, 4, 6, 8, 30, 52], "workingIntersections": [{"controlSignals": {"delayMultiplier": [0.5, 0.5, 3, 3], "flipMultiplier": 0.5, "phaseOffset": 53.5673273313457}, "id": "intersection153", "rect": {"y": 0, "x": -28, "_width": 14, "_height": 14}, "lambda": 0}, {"controlSignals": {"delayMultiplier": [0.5, 0.5, 3, 3], "flipMultiplier": 0.5, "phaseOffset": 11.97900594355994}, "id": "intersection154", "rect": {"y": 0, "x": 28, "_width": 14, "_height": 14}, "lambda": 0}], "carsCurTarget": {"car189": "intersection154", "car9": "intersection153", "car129": "intersection154", "car181": "intersection153", "car1": "intersection154", "car185": "intersection153", "car5": "intersection158", "car21": "intersection153", "car25": "intersection153", "car45": "intersection154", "car29": "intersection154", "car113": "intersection153", "car85": "intersection154", "car13": "intersection154", "car69": "intersection154", "car117": "intersection153", "car81": "intersection154", "car65": "intersection154", "car41": "intersection154", "car137": "intersection153", "car61": "intersection153", "car89": "intersection153", "car133": "intersection153", "car157": "intersection153", "car173": "intersection154", "car153": "intersection153", "car177": "intersection153", "car201": "intersection154", "car193": "intersection154", "car49": "intersection154", "car197": "intersection153", "car33": "intersection153", "car57": "intersection154", "car37": "intersection154", "car53": "intersection153", "car205": "intersection153", "car17": "intersection154", "car101": "intersection153", "car165": "intersection154", "car93": "intersection153", "car105": "intersection154", "car161": "intersection153", "car97": "intersection153", "car109": "intersection154", "car77": "intersection153", "car121": "intersection154", "car73": "intersection153", "car125": "intersection154", "car169": "intersection154", "car149": "intersection153", "car145": "intersection153", "car141": "intersection153"}, "roads": {"road171": {"source": "intersection154", "id": "road171", "target": "intersection158"}, "road170": {"source": "intersection154", "id": "road170", "target": "intersection155"}, "road173": {"source": "intersection154", "id": "road173", "target": "intersection160"}, "road172": {"source": "intersection158", "id": "road172", "target": "intersection154"}, "road175": {"source": "intersection157", "id": "road175", "target": "intersection153"}, "road174": {"source": "intersection160", "id": "road174", "target": "intersection154"}, "road176": {"source": "intersection153", "id": "road176", "target": "intersection157"}, "road166": {"source": "intersection154", "id": "road166", "target": "intersection153"}, "road164": {"source": "intersection153", "id": "road164", "target": "intersection156"}, "road165": {"source": "intersection153", "id": "road165", "target": "intersection154"}, "road162": {"source": "intersection153", "id": "road162", "target": "intersection159"}, "road163": {"source": "intersection156", "id": "road163", "target": "intersection153"}, "road161": {"source": "intersection159", "id": "road161", "target": "intersection153"}, "road169": {"source": "intersection155", "id": "road169", "target": "intersection154"}}, "carStoped": {"car189": true, "car9": false, "car129": true, "car181": true, "car1": false, "car185": false, "car5": false, "car21": false, "car25": true, "car45": false, "car29": true, "car113": false, "car85": true, "car13": true, "car69": true, "car117": true, "car81": true, "car65": true, "car41": true, "car137": true, "car61": false, "car89": true, "car133": true, "car157": true, "car173": false, "car153": false, "car177": true, "car201": true, "car193": true, "car49": false, "car197": true, "car33": true, "car57": false, "car37": true, "car53": false, "car205": true, "car17": true, "car101": true, "car165": true, "car93": false, "car105": true, "car161": true, "car97": true, "car109": true, "car77": false, "car121": true, "car73": true, "car125": true, "car169": false, "car149": true, "car145": true, "car141": true}, "time": 14.929193029999999, "carsNumber": 52, "intersectionsStat": {"intersection154": 24, "intersection155": 0, "intersection156": 0, "intersection157": 0, "intersection160": 0, "intersection153": 27, "intersection158": 1, "intersection159": 0}, "goodIntersections": [{"controlSignals": {"delayMultiplier": [1, 1, 1, 1], "flipMultiplier": 0.5, "phaseOffset": 42.38337810387496}, "id": "intersection155", "rect": {"y": -70, "x": 28, "_width": 14, "_height": 14}, "lambda": 2}, {"controlSignals": {"delayMultiplier": [1, 1, 1, 1], "flipMultiplier": 0.5, "phaseOffset": 0.17800146661912652}, "id": "intersection156", "rect": {"y": -70, "x": -28, "_width": 14, "_height": 14}, "lambda": 2}, {"controlSignals": {"delayMultiplier": [1, 1, 1, 1], "flipMultiplier": 0.5, "phaseOffset": 82.1487262595871}, "id": "intersection157", "rect": {"y": 70, "x": -28, "_width": 14, "_height": 14}, "lambda": 2}, {"controlSignals": {"delayMultiplier": [1, 1, 1, 1], "flipMultiplier": 0.5, "phaseOffset": 44.12112171326763}, "id": "intersection158", "rect": {"y": 70, "x": 28, "_width": 14, "_height": 14}, "lambda": 2}, {"controlSignals": {"delayMultiplier": [1, 1, 1, 1], "flipMultiplier": 0.5, "phaseOffset": 20.160815500141137}, "id": "intersection159", "rect": {"y": 0, "x": -112, "_width": 14, "_height": 14}, "lambda": 22}, {"controlSignals": {"delayMultiplier": [1, 1, 1, 1], "flipMultiplier": 0.5, "phaseOffset": 95.51158051059387}, "id": "intersection160", "rect": {"y": 0, "x": 112, "_width": 14, "_height": 14}, "lambda": 22}], "intersections": {"intersection154": {"controlSignals": {"delayMultiplier": [1.019362192103782, 0.6231356337562658, 2.63793041468743, 2.8716199764531027], "flipMultiplier": 0.5, "phaseOffset": 11.97900594355994}, "id": "intersection154", "rect": {"y": 0, "x": 28, "_width": 14, "_height": 14}, "lambda": 0}, "intersection155": {"controlSignals": {"delayMultiplier": [1, 1, 1, 1], "flipMultiplier": 0.5, "phaseOffset": 42.38337810387496}, "id": "intersection155", "rect": {"y": -70, "x": 28, "_width": 14, "_height": 14}, "lambda": 2}, "intersection156": {"controlSignals": {"delayMultiplier": [1, 1, 1, 1], "flipMultiplier": 0.5, "phaseOffset": 0.17800146661912652}, "id": "intersection156", "rect": {"y": -70, "x": -28, "_width": 14, "_height": 14}, "lambda": 2}, "intersection157": {"controlSignals": {"delayMultiplier": [1, 1, 1, 1], "flipMultiplier": 0.5, "phaseOffset": 82.1487262595871}, "id": "intersection157", "rect": {"y": 70, "x": -28, "_width": 14, "_height": 14}, "lambda": 2},